Q31RW8_1	35593e9704d4287646c7569cf457d1ea	724	Pfam	PF00120	Glutamine synthetase, catalytic domain	200	407	4.9E-22	T	26-03-2017	IPR008146	Glutamine synthetase, catalytic domain	KEGG: 00220+6.3.1.2|KEGG: 00250+6.3.1.2|KEGG: 00630+6.3.1.2|KEGG: 00910+6.3.1.2|MetaCyc: PWY-381|MetaCyc: PWY-5675|MetaCyc: PWY-6549|MetaCyc: PWY-6963|MetaCyc: PWY-6964
Q31RW8_1	35593e9704d4287646c7569cf457d1ea	724	Pfam	PF12437	Glutamine synthetase type III N terminal	30	191	1.6E-71	T	26-03-2017	IPR022147	Glutamine synthetase type III N-terminal	KEGG: 00220+6.3.1.2|KEGG: 00250+6.3.1.2|KEGG: 00630+6.3.1.2|KEGG: 00910+6.3.1.2|MetaCyc: PWY-381|MetaCyc: PWY-5675|MetaCyc: PWY-6549|MetaCyc: PWY-6963|MetaCyc: PWY-6964
Q31RW8_2	b3c5fb6534bb608876012471dee67cf9	723	Pfam	PF12437	Glutamine synthetase type III N terminal	30	191	1.6E-71	T	26-03-2017	IPR022147	Glutamine synthetase type III N-terminal	KEGG: 00220+6.3.1.2|KEGG: 00250+6.3.1.2|KEGG: 00630+6.3.1.2|KEGG: 00910+6.3.1.2|MetaCyc: PWY-381|MetaCyc: PWY-5675|MetaCyc: PWY-6549|MetaCyc: PWY-6963|MetaCyc: PWY-6964
Q31RW8_2	b3c5fb6534bb608876012471dee67cf9	723	Pfam	PF00120	Glutamine synthetase, catalytic domain	200	384	8.9E-22	T	26-03-2017	IPR008146	Glutamine synthetase, catalytic domain	KEGG: 00220+6.3.1.2|KEGG: 00250+6.3.1.2|KEGG: 00630+6.3.1.2|KEGG: 00910+6.3.1.2|MetaCyc: PWY-381|MetaCyc: PWY-5675|MetaCyc: PWY-6549|MetaCyc: PWY-6963|MetaCyc: PWY-6964
Q86ZF9	b72f3f96ae9041aa1d96dd4299981f2c	362	Pfam	PF03951	Glutamine synthetase, beta-Grasp domain	28	104	3.8E-13	T	26-03-2017	IPR008147	Glutamine synthetase, beta-Grasp domain	KEGG: 00220+6.3.1.2|KEGG: 00250+6.3.1.2|KEGG: 00630+6.3.1.2|KEGG: 00910+6.3.1.2|MetaCyc: PWY-381|MetaCyc: PWY-5675|MetaCyc: PWY-6549|MetaCyc: PWY-6963|MetaCyc: PWY-6964
Q86ZF9	b72f3f96ae9041aa1d96dd4299981f2c	362	Pfam	PF00120	Glutamine synthetase, catalytic domain	127	260	6.9E-13	T	26-03-2017	IPR008146	Glutamine synthetase, catalytic domain	KEGG: 00220+6.3.1.2|KEGG: 00250+6.3.1.2|KEGG: 00630+6.3.1.2|KEGG: 00910+6.3.1.2|MetaCyc: PWY-381|MetaCyc: PWY-5675|MetaCyc: PWY-6549|MetaCyc: PWY-6963|MetaCyc: PWY-6964
P24183	b4fa4490c1e393d6a31be1be2f0c41e3	1015	Pfam	PF04879	Molybdopterin oxidoreductase Fe4S4 domain	44	104	3.9E-19	T	26-03-2017	IPR006963	Molybdopterin oxidoreductase, 4Fe-4S domain	Reactome: R-HSA-611105|Reactome: R-HSA-6799198
P24183	b4fa4490c1e393d6a31be1be2f0c41e3	1015	Pfam	PF00384	Molybdopterin oxidoreductase	107	589	1.7E-32	T	26-03-2017	IPR006656	Molybdopterin oxidoreductase	Reactome: R-HSA-611105|Reactome: R-HSA-6799198
P24183	b4fa4490c1e393d6a31be1be2f0c41e3	1015	Pfam	PF01568	Molydopterin dinucleotide binding domain	893	1008	1.4E-16	T	26-03-2017	IPR006657	Molybdopterin dinucleotide-binding domain	
Q6JE94	5beb4950b46ed4e04208d663fc5206b4	602	Pfam	PF02776	Thiamine pyrophosphate enzyme, N-terminal TPP binding domain	19	185	2.5E-43	T	26-03-2017	IPR012001	Thiamine pyrophosphate enzyme, N-terminal TPP-binding domain	
Q6JE94	5beb4950b46ed4e04208d663fc5206b4	602	Pfam	PF00205	Thiamine pyrophosphate enzyme, central domain	204	341	6.6E-34	T	26-03-2017	IPR012000	Thiamine pyrophosphate enzyme, central domain	
Q6JE94	5beb4950b46ed4e04208d663fc5206b4	602	Pfam	PF02775	Thiamine pyrophosphate enzyme, C-terminal TPP binding domain	422	573	6.1E-35	T	26-03-2017	IPR011766	Thiamine pyrophosphate enzyme, C-terminal TPP-binding	
P19319	7a839c82814c9e723c9a5ca6d6674715	1246	Pfam	PF14710	Respiratory nitrate reductase alpha N-terminal	4	40	1.4E-16	T	26-03-2017	IPR028189	Nitrate reductase, alpha subunit, N-terminal	KEGG: 00910+1.7.99.4
P19319	7a839c82814c9e723c9a5ca6d6674715	1246	Pfam	PF00384	Molybdopterin oxidoreductase	108	832	1.7E-166	T	26-03-2017	IPR006656	Molybdopterin oxidoreductase	Reactome: R-HSA-611105|Reactome: R-HSA-6799198
P19319	7a839c82814c9e723c9a5ca6d6674715	1246	Pfam	PF01568	Molydopterin dinucleotide binding domain	1087	1199	4.4E-20	T	26-03-2017	IPR006657	Molybdopterin dinucleotide-binding domain	
Q607G3	4d383b9aaa321de660ffaaaa01180fb0	247	Pfam	PF02461	Ammonia monooxygenase	9	245	1.1E-126	T	26-03-2017	IPR003393	Ammonia monooxygenase/particulate methane monooxygenase, subunit A	
P00467	707caa89ebf5a9f1fa3c8a24ef84cfe3	534	Pfam	PF00148	Nitrogenase component 1 type Oxidoreductase	53	507	3.5E-126	T	26-03-2017	IPR000510	Nitrogenase/oxidoreductase, component 1	
D3UB67	454d3ccdf9fd34551c36a695772c99e0	445	Pfam	PF00202	Aminotransferase class-III	35	435	4.6E-95	T	26-03-2017	IPR005814	Aminotransferase class-III	
P0A996	8882723c09e389ce65ef441feaedcfc6	396	Pfam	PF02754	Cysteine-rich domain	163	249	1.1E-15	T	26-03-2017	IPR004017	Cysteine-rich domain	
P0A996	8882723c09e389ce65ef441feaedcfc6	396	Pfam	PF02754	Cysteine-rich domain	293	376	1.6E-14	T	26-03-2017	IPR004017	Cysteine-rich domain	
P0A996	8882723c09e389ce65ef441feaedcfc6	396	Pfam	PF13183	4Fe-4S dicluster domain	6	70	2.8E-10	T	26-03-2017	IPR017896	4Fe-4S ferredoxin-type, iron-sulphur binding domain	
Q31L83	1a85590f020f60bdad68f7039261e981	473	Pfam	PF03951	Glutamine synthetase, beta-Grasp domain	17	97	2.2E-29	T	26-03-2017	IPR008147	Glutamine synthetase, beta-Grasp domain	KEGG: 00220+6.3.1.2|KEGG: 00250+6.3.1.2|KEGG: 00630+6.3.1.2|KEGG: 00910+6.3.1.2|MetaCyc: PWY-381|MetaCyc: PWY-5675|MetaCyc: PWY-6549|MetaCyc: PWY-6963|MetaCyc: PWY-6964
Q31L83	1a85590f020f60bdad68f7039261e981	473	Pfam	PF00120	Glutamine synthetase, catalytic domain	104	470	8.3E-136	T	26-03-2017	IPR008146	Glutamine synthetase, catalytic domain	KEGG: 00220+6.3.1.2|KEGG: 00250+6.3.1.2|KEGG: 00630+6.3.1.2|KEGG: 00910+6.3.1.2|MetaCyc: PWY-381|MetaCyc: PWY-5675|MetaCyc: PWY-6549|MetaCyc: PWY-6963|MetaCyc: PWY-6964
Q93PS3	c8a507612383d1b13c974417e28043a0	584	Pfam	PF02776	Thiamine pyrophosphate enzyme, N-terminal TPP binding domain	6	172	7.7E-45	T	26-03-2017	IPR012001	Thiamine pyrophosphate enzyme, N-terminal TPP-binding domain	
Q93PS3	c8a507612383d1b13c974417e28043a0	584	Pfam	PF00205	Thiamine pyrophosphate enzyme, central domain	195	331	2.6E-33	T	26-03-2017	IPR012000	Thiamine pyrophosphate enzyme, central domain	
Q93PS3	c8a507612383d1b13c974417e28043a0	584	Pfam	PF02775	Thiamine pyrophosphate enzyme, C-terminal TPP binding domain	396	546	1.7E-33	T	26-03-2017	IPR011766	Thiamine pyrophosphate enzyme, C-terminal TPP-binding	
P09832	5af2fdc9ce6e4da36f79f1557c99fa94	472	Pfam	PF07992	Pyridine nucleotide-disulphide oxidoreductase	147	459	9.4E-26	T	26-03-2017	IPR023753	FAD/NAD(P)-binding domain	
P09832	5af2fdc9ce6e4da36f79f1557c99fa94	472	Pfam	PF14691	Dihydroprymidine dehydrogenase domain II, 4Fe-4S cluster	25	134	7.5E-38	T	26-03-2017	IPR028261	Dihydroprymidine dehydrogenase domain II	Reactome: R-HSA-73621
P00466	564f6d3da9912d5093cf34cc6637a9c1	483	Pfam	PF00148	Nitrogenase component 1 type Oxidoreductase	63	467	8.7E-108	T	26-03-2017	IPR000510	Nitrogenase/oxidoreductase, component 1	
P33599	262dfcac448e9bfa418aad6589081358	596	Pfam	PF00329	Respiratory-chain NADH dehydrogenase, 30 Kd subunit	46	174	2.3E-40	T	26-03-2017	IPR001268	NADH:ubiquinone oxidoreductase, 30kDa subunit	Reactome: R-HSA-611105|Reactome: R-HSA-6799198
P33599	262dfcac448e9bfa418aad6589081358	596	Pfam	PF00346	Respiratory-chain NADH dehydrogenase, 49 Kd subunit	325	596	3.9E-102	T	26-03-2017	IPR001135	NADH-quinone oxidoreductase, subunit D	Reactome: R-HSA-611105|Reactome: R-HSA-6799198
P09152	2393e1b7614eb7f7b893bb8f9ea39198	1247	Pfam	PF14710	Respiratory nitrate reductase alpha N-terminal	3	40	7.6E-17	T	26-03-2017	IPR028189	Nitrate reductase, alpha subunit, N-terminal	KEGG: 00910+1.7.99.4
P09152	2393e1b7614eb7f7b893bb8f9ea39198	1247	Pfam	PF01568	Molydopterin dinucleotide binding domain	1088	1202	1.6E-21	T	26-03-2017	IPR006657	Molybdopterin dinucleotide-binding domain	
P09152	2393e1b7614eb7f7b893bb8f9ea39198	1247	Pfam	PF00384	Molybdopterin oxidoreductase	108	833	2.6E-197	T	26-03-2017	IPR006656	Molybdopterin oxidoreductase	Reactome: R-HSA-611105|Reactome: R-HSA-6799198
P32176	6d7d7dac1a071da94f40bc7219025c02	1016	Pfam	PF01568	Molydopterin dinucleotide binding domain	894	1009	4.8E-16	T	26-03-2017	IPR006657	Molybdopterin dinucleotide-binding domain	
P32176	6d7d7dac1a071da94f40bc7219025c02	1016	Pfam	PF00384	Molybdopterin oxidoreductase	107	590	7.4E-32	T	26-03-2017	IPR006656	Molybdopterin oxidoreductase	Reactome: R-HSA-611105|Reactome: R-HSA-6799198
P32176	6d7d7dac1a071da94f40bc7219025c02	1016	Pfam	PF04879	Molybdopterin oxidoreductase Fe4S4 domain	44	103	4.5E-18	T	26-03-2017	IPR006963	Molybdopterin oxidoreductase, 4Fe-4S domain	Reactome: R-HSA-611105|Reactome: R-HSA-6799198
Q82WJ1	3998b757fd593071f4819379f9e0137f	492	Pfam	PF00115	Cytochrome C and Quinol oxidase polypeptide I	24	468	2.8E-54	T	26-03-2017	IPR000883	Cytochrome c oxidase subunit I	KEGG: 00190+1.9.3.1|MetaCyc: PWY-3781|MetaCyc: PWY-4521|MetaCyc: PWY-6692|MetaCyc: PWY-7279|Reactome: R-HSA-5628897|Reactome: R-HSA-611105
P0ABL3	c2016f296eb42227d9dfe25bc81b90e6	149	Pfam	PF03892	Nitrate reductase cytochrome c-type subunit (NapB)	40	142	1.7E-43	T	26-03-2017	IPR005591	Nitrate reductase cytochrome c-type subunit NapB	
O87646	8db80fff10bfdabddcd250a1240fdabc	161	Pfam	PF16694	Cytochrome P460	29	155	9.0E-37	T	26-03-2017	IPR032033	Cytochrome P460	
Q50925	e6c4949dd91f7d126b43aa40cf87d5d5	570	Pfam	PF13447	Seven times multi-haem cytochrome CxxCH	165	435	2.3E-154	T	26-03-2017
A0P951	9a9e15f5cf880b93811dec0b04900dbe	568	Pfam	PF13447	Seven times multi-haem cytochrome CxxCH	121	384	5.7E-33	T	26-03-2017
P0AF32	518d722229fa6ceeca377747352bdbd8	226	Pfam	PF02665	Nitrate reductase gamma subunit	6	225	4.2E-79	T	26-03-2017	IPR023234	NarG-like domain	
O87647	d9c3d7896c15695e409b1b7d31edd842	114	Pfam	PF01035	6-O-methylguanine DNA methyltransferase, DNA binding domain	31	110	2.4E-36	T	26-03-2017	IPR014048	Methylated-DNA-[protein]-cysteine S-methyltransferase, DNA binding	Reactome: R-HSA-5657655
Q1PW30	a1e2d07f4e40eb723e324bb5f5402df4	656	Pfam	PF13447	Seven times multi-haem cytochrome CxxCH	230	459	3.0E-35	T	26-03-2017
P15104	a4ac8e3dfc104265600f1930652ff66e	373	Pfam	PF03951	Glutamine synthetase, beta-Grasp domain	28	103	1.5E-12	T	26-03-2017	IPR008147	Glutamine synthetase, beta-Grasp domain	KEGG: 00220+6.3.1.2|KEGG: 00250+6.3.1.2|KEGG: 00630+6.3.1.2|KEGG: 00910+6.3.1.2|MetaCyc: PWY-381|MetaCyc: PWY-5675|MetaCyc: PWY-6549|MetaCyc: PWY-6963|MetaCyc: PWY-6964
P15104	a4ac8e3dfc104265600f1930652ff66e	373	Pfam	PF00120	Glutamine synthetase, catalytic domain	114	280	7.7E-14	T	26-03-2017	IPR008146	Glutamine synthetase, catalytic domain	KEGG: 00220+6.3.1.2|KEGG: 00250+6.3.1.2|KEGG: 00630+6.3.1.2|KEGG: 00910+6.3.1.2|MetaCyc: PWY-381|MetaCyc: PWY-5675|MetaCyc: PWY-6549|MetaCyc: PWY-6963|MetaCyc: PWY-6964
P00459	6d5a3069f06c027a6d7b492574ddec7e	290	Pfam	PF00142	4Fe-4S iron sulfur cluster binding proteins, NifH/frxC family	4	275	1.2E-141	T	26-03-2017
P0A9C5	db66e6214ba9e9524ecbc161094c8675	469	Pfam	PF00120	Glutamine synthetase, catalytic domain	103	466	2.4E-140	T	26-03-2017	IPR008146	Glutamine synthetase, catalytic domain	KEGG: 00220+6.3.1.2|KEGG: 00250+6.3.1.2|KEGG: 00630+6.3.1.2|KEGG: 00910+6.3.1.2|MetaCyc: PWY-381|MetaCyc: PWY-5675|MetaCyc: PWY-6549|MetaCyc: PWY-6963|MetaCyc: PWY-6964
P0A9C5	db66e6214ba9e9524ecbc161094c8675	469	Pfam	PF03951	Glutamine synthetase, beta-Grasp domain	14	95	6.8E-32	T	26-03-2017	IPR008147	Glutamine synthetase, beta-Grasp domain	KEGG: 00220+6.3.1.2|KEGG: 00250+6.3.1.2|KEGG: 00630+6.3.1.2|KEGG: 00910+6.3.1.2|MetaCyc: PWY-381|MetaCyc: PWY-5675|MetaCyc: PWY-6549|MetaCyc: PWY-6963|MetaCyc: PWY-6964
Q31PU9	8e9e3930579663596edbf849b9fa07c7	1536	Pfam	PF04898	Glutamate synthase central domain	474	765	1.2E-111	T	26-03-2017	IPR006982	Glutamate synthase, central-N	
Q31PU9	8e9e3930579663596edbf849b9fa07c7	1536	Pfam	PF00310	Glutamine amidotransferases class-II	27	447	2.0E-178	T	26-03-2017	IPR017932	Glutamine amidotransferase type 2 domain	
Q31PU9	8e9e3930579663596edbf849b9fa07c7	1536	Pfam	PF01493	GXGXG motif	1292	1476	4.1E-79	T	26-03-2017	IPR002489	Glutamate synthase, alpha subunit, C-terminal	
Q31PU9	8e9e3930579663596edbf849b9fa07c7	1536	Pfam	PF01645	Conserved region in glutamate synthase	823	1210	3.6E-162	T	26-03-2017	IPR002932	Glutamate synthase domain	
Q12680	cfc69745f3a98ad92493590fe40a19d4	2145	Pfam	PF01493	GXGXG motif	1319	1507	1.2E-70	T	26-03-2017	IPR002489	Glutamate synthase, alpha subunit, C-terminal	
Q12680	cfc69745f3a98ad92493590fe40a19d4	2145	Pfam	PF14691	Dihydroprymidine dehydrogenase domain II, 4Fe-4S cluster	1661	1770	1.9E-22	T	26-03-2017	IPR028261	Dihydroprymidine dehydrogenase domain II	Reactome: R-HSA-73621
Q12680	cfc69745f3a98ad92493590fe40a19d4	2145	Pfam	PF04898	Glutamate synthase central domain	517	807	4.4E-110	T	26-03-2017	IPR006982	Glutamate synthase, central-N	
Q12680	cfc69745f3a98ad92493590fe40a19d4	2145	Pfam	PF07992	Pyridine nucleotide-disulphide oxidoreductase	1785	2106	2.8E-17	T	26-03-2017	IPR023753	FAD/NAD(P)-binding domain	
Q12680	cfc69745f3a98ad92493590fe40a19d4	2145	Pfam	PF00310	Glutamine amidotransferases class-II	54	478	2.1E-169	T	26-03-2017	IPR017932	Glutamine amidotransferase type 2 domain	
Q12680	cfc69745f3a98ad92493590fe40a19d4	2145	Pfam	PF01645	Conserved region in glutamate synthase	869	1239	3.7E-158	T	26-03-2017	IPR002932	Glutamate synthase domain	
P33937	9443dd882ae7a95ae657f8450acca893	828	Pfam	PF00384	Molybdopterin oxidoreductase	96	567	8.6E-92	T	26-03-2017	IPR006656	Molybdopterin oxidoreductase	Reactome: R-HSA-611105|Reactome: R-HSA-6799198
P33937	9443dd882ae7a95ae657f8450acca893	828	Pfam	PF01568	Molydopterin dinucleotide binding domain	714	822	1.8E-24	T	26-03-2017	IPR006657	Molybdopterin dinucleotide-binding domain	
P33937	9443dd882ae7a95ae657f8450acca893	828	Pfam	PF04879	Molybdopterin oxidoreductase Fe4S4 domain	40	92	3.2E-17	T	26-03-2017	IPR006963	Molybdopterin oxidoreductase, 4Fe-4S domain	Reactome: R-HSA-611105|Reactome: R-HSA-6799198
P0AFD4	5e3d279c7a066adfaa3edd0db93e2633	325	Pfam	PF00146	NADH dehydrogenase	17	317	1.6E-120	T	26-03-2017	IPR001694	NADH:ubiquinone oxidoreductase, subunit 1/F420H2 oxidoreductase subunit H	Reactome: R-HSA-611105|Reactome: R-HSA-6799198
P0AAL3	ca994a507e551f1af2be17e8723917e9	231	Pfam	PF12838	4Fe-4S dicluster domain	60	115	2.0E-7	T	26-03-2017	IPR017896	4Fe-4S ferredoxin-type, iron-sulphur binding domain	
P0AAL3	ca994a507e551f1af2be17e8723917e9	231	Pfam	PF12800	4Fe-4S binding domain	136	155	0.038	T	26-03-2017	IPR017896	4Fe-4S ferredoxin-type, iron-sulphur binding domain	
P0AAL3	ca994a507e551f1af2be17e8723917e9	231	Pfam	PF12800	4Fe-4S binding domain	183	196	0.19	T	26-03-2017	IPR017896	4Fe-4S ferredoxin-type, iron-sulphur binding domain	
P0AFD6	ae0700384201c95c88810a02dd3a21f9	180	Pfam	PF12838	4Fe-4S dicluster domain	59	113	1.3E-11	T	26-03-2017	IPR017896	4Fe-4S ferredoxin-type, iron-sulphur binding domain	
P0A9C0	d900316f35f93d7ed5b6392a307ddcb3	542	Pfam	PF01266	FAD dependent oxidoreductase	10	358	4.8E-51	T	26-03-2017	IPR006076	FAD dependent oxidoreductase	
P0A9C0	d900316f35f93d7ed5b6392a307ddcb3	542	Pfam	PF04324	BFD-like [2Fe-2S] binding domain	432	484	6.2E-10	T	26-03-2017	IPR007419	BFD-like [2Fe-2S]-binding domain	
G1UBD1	72514ba8adac8b30bd4f08405e7148d1	414	Pfam	PF04744	Monooxygenase subunit B protein	34	413	1.5E-185	T	26-03-2017	IPR006833	Ammonia monooxygenase/particulate methane monooxygenase, subunit B	
P16268	b6bfcb0fc922ef87ef432fedfb7bcf02	132	Pfam	PF03139	Vanadium/alternative nitrogenase delta subunit	23	132	6.0E-53	T	26-03-2017	IPR004349	Vanadium/alternative nitrogenase delta subunit	KEGG: 00625+1.18.6.1|KEGG: 00910+1.18.6.1
P39458	7b97faa94310aa0ae970890ed6d6cc20	729	Pfam	PF04879	Molybdopterin oxidoreductase Fe4S4 domain	17	81	2.5E-20	T	26-03-2017	IPR006963	Molybdopterin oxidoreductase, 4Fe-4S domain	Reactome: R-HSA-611105|Reactome: R-HSA-6799198
P39458	7b97faa94310aa0ae970890ed6d6cc20	729	Pfam	PF01568	Molydopterin dinucleotide binding domain	606	717	1.1E-32	T	26-03-2017	IPR006657	Molybdopterin dinucleotide-binding domain	
P39458	7b97faa94310aa0ae970890ed6d6cc20	729	Pfam	PF00384	Molybdopterin oxidoreductase	84	512	1.6E-82	T	26-03-2017	IPR006656	Molybdopterin oxidoreductase	Reactome: R-HSA-611105|Reactome: R-HSA-6799198
C1B7D4	d3c23b9d146a7319281f7bb78d9a1604	456	Pfam	PF00202	Aminotransferase class-III	32	445	4.1E-90	T	26-03-2017	IPR005814	Aminotransferase class-III	
P38681	8c0709b0fc1f4b295632aa9c1684b527	1176	Pfam	PF04324	BFD-like [2Fe-2S] binding domain	495	543	1.4E-9	T	26-03-2017	IPR007419	BFD-like [2Fe-2S]-binding domain	
P38681	8c0709b0fc1f4b295632aa9c1684b527	1176	Pfam	PF07992	Pyridine nucleotide-disulphide oxidoreductase	26	332	8.7E-43	T	26-03-2017	IPR023753	FAD/NAD(P)-binding domain	
P38681	8c0709b0fc1f4b295632aa9c1684b527	1176	Pfam	PF01077	Nitrite and sulphite reductase 4Fe-4S domain	709	847	3.4E-16	T	26-03-2017	IPR006067	Nitrite/sulphite reductase 4Fe-4S domain	KEGG: 00920+1.8.1.2|MetaCyc: PWY-6683
P38681	8c0709b0fc1f4b295632aa9c1684b527	1176	Pfam	PF03460	Nitrite/Sulfite reductase ferredoxin-like half domain	636	697	6.9E-9	T	26-03-2017	IPR005117	Nitrite/Sulfite reductase ferredoxin-like domain	KEGG: 00920+1.8.1.2|MetaCyc: PWY-6683
P38681	8c0709b0fc1f4b295632aa9c1684b527	1176	Pfam	PF00355	Rieske [2Fe-2S] domain	947	993	4.7E-6	T	26-03-2017	IPR017941	Rieske [2Fe-2S] iron-sulphur domain	
Q6RH61	23b05edbd53efe8c081b3c76d8ef225f	463	Pfam	PF01266	FAD dependent oxidoreductase	57	419	1.2E-46	T	26-03-2017	IPR006076	FAD dependent oxidoreductase	
Q44563	73c316978683c64f1ba2654838caed19	587	Pfam	PF03139	Vanadium/alternative nitrogenase delta subunit	477	587	3.2E-39	T	26-03-2017	IPR004349	Vanadium/alternative nitrogenase delta subunit	KEGG: 00625+1.18.6.1|KEGG: 00910+1.18.6.1
Q44563	73c316978683c64f1ba2654838caed19	587	Pfam	PF00148	Nitrogenase component 1 type Oxidoreductase	49	447	3.8E-112	T	26-03-2017	IPR000510	Nitrogenase/oxidoreductase, component 1	
P33607	8186956538afccc908488f644a376133	613	Pfam	PF00662	NADH-Ubiquinone oxidoreductase (complex I), chain 5 N-terminus	64	121	9.5E-24	T	26-03-2017	IPR001516	NADH-Ubiquinone oxidoreductase (complex I), chain 5 N-terminal	Reactome: R-HSA-611105|Reactome: R-HSA-6799198
P33607	8186956538afccc908488f644a376133	613	Pfam	PF00361	Proton-conducting membrane transporter	133	425	2.6E-99	T	26-03-2017	IPR001750	NADH:quinone oxidoreductase/Mrp antiporter, membrane subunit	Reactome: R-HSA-611105|Reactome: R-HSA-6799198
Q44486	e71136eca6d1381f512aa06a85a30302	512	Pfam	PF11844	Domain of unknown function (DUF3364)	3	56	1.0E-23	T	26-03-2017	IPR024564	Nitrogenase molybdenum-iron protein beta chain, N-terminal	KEGG: 00625+1.18.6.1|KEGG: 00910+1.18.6.1
Q44486	e71136eca6d1381f512aa06a85a30302	512	Pfam	PF00148	Nitrogenase component 1 type Oxidoreductase	70	490	5.4E-123	T	26-03-2017	IPR000510	Nitrogenase/oxidoreductase, component 1	
P08619	b1222c46926b402c3a63c63aedef8cf7	982	Pfam	PF00970	Oxidoreductase FAD-binding domain	726	835	5.1E-31	T	26-03-2017	IPR008333	Oxidoreductase, FAD-binding domain	Reactome: R-HSA-1237044
P08619	b1222c46926b402c3a63c63aedef8cf7	982	Pfam	PF00174	Oxidoreductase molybdopterin binding domain	202	371	2.5E-52	T	26-03-2017	IPR000572	Oxidoreductase, molybdopterin-binding domain	Reactome: R-HSA-1614517
P08619	b1222c46926b402c3a63c63aedef8cf7	982	Pfam	PF03404	Mo-co oxidoreductase dimerisation domain	404	553	6.6E-61	T	26-03-2017	IPR005066	Moybdenum cofactor oxidoreductase, dimerisation	Reactome: R-HSA-1614517
P08619	b1222c46926b402c3a63c63aedef8cf7	982	Pfam	PF00175	Oxidoreductase NAD-binding domain	855	966	8.3E-27	T	26-03-2017	IPR001433	Oxidoreductase FAD/NAD(P)-binding	
P08619	b1222c46926b402c3a63c63aedef8cf7	982	Pfam	PF00173	Cytochrome b5-like Heme/Steroid binding domain	621	691	6.4E-21	T	26-03-2017	IPR001199	Cytochrome b5-like heme/steroid binding domain	
P09772	f8e44533691bad6281109c92f6c79ca5	520	Pfam	PF11844	Domain of unknown function (DUF3364)	1	55	8.0E-23	T	26-03-2017	IPR024564	Nitrogenase molybdenum-iron protein beta chain, N-terminal	KEGG: 00625+1.18.6.1|KEGG: 00910+1.18.6.1
P09772	f8e44533691bad6281109c92f6c79ca5	520	Pfam	PF00148	Nitrogenase component 1 type Oxidoreductase	69	498	8.6E-117	T	26-03-2017	IPR000510	Nitrogenase/oxidoreductase, component 1	
P33602	0a97130d8b9dad338086f6a9716d89d4	908	Pfam	PF13510	2Fe-2S iron-sulfur cluster binding domain	3	78	2.1E-11	T	26-03-2017
P33602	0a97130d8b9dad338086f6a9716d89d4	908	Pfam	PF10588	NADH-ubiquinone oxidoreductase-G iron-sulfur binding region	88	124	7.9E-15	T	26-03-2017	IPR019574	NADH:ubiquinone oxidoreductase, subunit G, iron-sulphur binding	Reactome: R-HSA-611105|Reactome: R-HSA-6799198
P33602	0a97130d8b9dad338086f6a9716d89d4	908	Pfam	PF00384	Molybdopterin oxidoreductase	562	638	8.8E-8	T	26-03-2017	IPR006656	Molybdopterin oxidoreductase	Reactome: R-HSA-611105|Reactome: R-HSA-6799198
P33602	0a97130d8b9dad338086f6a9716d89d4	908	Pfam	PF04879	Molybdopterin oxidoreductase Fe4S4 domain	221	274	9.4E-11	T	26-03-2017	IPR006963	Molybdopterin oxidoreductase, 4Fe-4S domain	Reactome: R-HSA-611105|Reactome: R-HSA-6799198
P33602	0a97130d8b9dad338086f6a9716d89d4	908	Pfam	PF01568	Molydopterin dinucleotide binding domain	828	890	1.0E-6	T	26-03-2017	IPR006657	Molybdopterin dinucleotide-binding domain	
P0AFF0	4e61f4990888ff483eea44f8c378b922	485	Pfam	PF00361	Proton-conducting membrane transporter	122	420	1.1E-91	T	26-03-2017	IPR001750	NADH:quinone oxidoreductase/Mrp antiporter, membrane subunit	Reactome: R-HSA-611105|Reactome: R-HSA-6799198
Q9FMD9	e78d28b8cf8d36ccde184a605b5e35b3	356	Pfam	PF03951	Glutamine synthetase, beta-Grasp domain	23	97	1.7E-9	T	26-03-2017	IPR008147	Glutamine synthetase, beta-Grasp domain	KEGG: 00220+6.3.1.2|KEGG: 00250+6.3.1.2|KEGG: 00630+6.3.1.2|KEGG: 00910+6.3.1.2|MetaCyc: PWY-381|MetaCyc: PWY-5675|MetaCyc: PWY-6549|MetaCyc: PWY-6963|MetaCyc: PWY-6964
Q9FMD9	e78d28b8cf8d36ccde184a605b5e35b3	356	Pfam	PF00120	Glutamine synthetase, catalytic domain	150	347	3.7E-14	T	26-03-2017	IPR008146	Glutamine synthetase, catalytic domain	KEGG: 00220+6.3.1.2|KEGG: 00250+6.3.1.2|KEGG: 00630+6.3.1.2|KEGG: 00910+6.3.1.2|MetaCyc: PWY-381|MetaCyc: PWY-5675|MetaCyc: PWY-6549|MetaCyc: PWY-6963|MetaCyc: PWY-6964
P00458	3d02fad3dfe516f0f7d37fb84955e93f	293	Pfam	PF00142	4Fe-4S iron sulfur cluster binding proteins, NifH/frxC family	4	275	1.7E-137	T	26-03-2017
Q43127	37e66445f45b5bcdd9d5ae34e61223d8	430	Pfam	PF00120	Glutamine synthetase, catalytic domain	170	313	1.1E-11	T	26-03-2017	IPR008146	Glutamine synthetase, catalytic domain	KEGG: 00220+6.3.1.2|KEGG: 00250+6.3.1.2|KEGG: 00630+6.3.1.2|KEGG: 00910+6.3.1.2|MetaCyc: PWY-381|MetaCyc: PWY-5675|MetaCyc: PWY-6549|MetaCyc: PWY-6963|MetaCyc: PWY-6964
Q43127	37e66445f45b5bcdd9d5ae34e61223d8	430	Pfam	PF03951	Glutamine synthetase, beta-Grasp domain	80	155	9.1E-10	T	26-03-2017	IPR008147	Glutamine synthetase, beta-Grasp domain	KEGG: 00220+6.3.1.2|KEGG: 00250+6.3.1.2|KEGG: 00630+6.3.1.2|KEGG: 00910+6.3.1.2|MetaCyc: PWY-381|MetaCyc: PWY-5675|MetaCyc: PWY-6549|MetaCyc: PWY-6963|MetaCyc: PWY-6964
P09831	8d3ca885fcf8569e84aca6864ab563a1	1486	Pfam	PF01493	GXGXG motif	1236	1418	1.4E-74	T	26-03-2017	IPR002489	Glutamate synthase, alpha subunit, C-terminal	
P09831	8d3ca885fcf8569e84aca6864ab563a1	1486	Pfam	PF01645	Conserved region in glutamate synthase	793	1156	4.0E-158	T	26-03-2017	IPR002932	Glutamate synthase domain	
P09831	8d3ca885fcf8569e84aca6864ab563a1	1486	Pfam	PF04898	Glutamate synthase central domain	457	737	3.1E-105	T	26-03-2017	IPR006982	Glutamate synthase, central-N	
P09831	8d3ca885fcf8569e84aca6864ab563a1	1486	Pfam	PF00310	Glutamine amidotransferases class-II	12	425	8.0E-177	T	26-03-2017	IPR017932	Glutamine amidotransferase type 2 domain	
Q7WX97	b18a86fbaa9966d47b22956209f80755	762	Pfam	PF00115	Cytochrome C and Quinol oxidase polypeptide I	282	727	1.1E-72	T	26-03-2017	IPR000883	Cytochrome c oxidase subunit I	KEGG: 00190+1.9.3.1|MetaCyc: PWY-3781|MetaCyc: PWY-4521|MetaCyc: PWY-6692|MetaCyc: PWY-7279|Reactome: R-HSA-5628897|Reactome: R-HSA-611105
P11349	af13e9f3b7209a88b110d3da50d6671d	512	Pfam	PF13247	4Fe-4S dicluster domain	176	272	1.2E-36	T	26-03-2017	IPR017896	4Fe-4S ferredoxin-type, iron-sulphur binding domain	
P11349	af13e9f3b7209a88b110d3da50d6671d	512	Pfam	PF14711	Respiratory nitrate reductase beta C-terminal	359	437	3.4E-31	T	26-03-2017	IPR029263	Respiratory nitrate reductase beta, C-terminal	KEGG: 00910+1.7.99.4
P39661	70237acb00fda240257f7828e5b31302	512	Pfam	PF01077	Nitrite and sulphite reductase 4Fe-4S domain	391	499	8.2E-13	T	26-03-2017	IPR006067	Nitrite/sulphite reductase 4Fe-4S domain	KEGG: 00920+1.8.1.2|MetaCyc: PWY-6683
P39661	70237acb00fda240257f7828e5b31302	512	Pfam	PF01077	Nitrite and sulphite reductase 4Fe-4S domain	134	292	2.7E-44	T	26-03-2017	IPR006067	Nitrite/sulphite reductase 4Fe-4S domain	KEGG: 00920+1.8.1.2|MetaCyc: PWY-6683
P39661	70237acb00fda240257f7828e5b31302	512	Pfam	PF03460	Nitrite/Sulfite reductase ferredoxin-like half domain	313	376	7.0E-20	T	26-03-2017	IPR005117	Nitrite/Sulfite reductase ferredoxin-like domain	KEGG: 00920+1.8.1.2|MetaCyc: PWY-6683
P39661	70237acb00fda240257f7828e5b31302	512	Pfam	PF03460	Nitrite/Sulfite reductase ferredoxin-like half domain	63	124	4.9E-16	T	26-03-2017	IPR005117	Nitrite/Sulfite reductase ferredoxin-like domain	KEGG: 00920+1.8.1.2|MetaCyc: PWY-6683
P07328	815839e420daa0b32b85f5eef6023ac8	492	Pfam	PF00148	Nitrogenase component 1 type Oxidoreductase	62	467	1.5E-107	T	26-03-2017	IPR000510	Nitrogenase/oxidoreductase, component 1	
P16266	944edbc4657a37bbe25b2828ec031085	518	Pfam	PF00148	Nitrogenase component 1 type Oxidoreductase	49	447	8.6E-98	T	26-03-2017	IPR000510	Nitrogenase/oxidoreductase, component 1	
A4VHZ5	f71ce27e11c7d5a0e2e1ab6c5aade3b1	263	Pfam	PF02665	Nitrate reductase gamma subunit	5	225	2.7E-81	T	26-03-2017	IPR023234	NarG-like domain	
F9ZZH2	01659284f9374d69964ae02d17f5f94b	526	Pfam	PF13442	Cytochrome C oxidase, cbb3-type, subunit III	32	103	6.6E-10	T	26-03-2017	IPR009056	Cytochrome c-like domain	Reactome: R-HSA-611105
F9ZZH2	01659284f9374d69964ae02d17f5f94b	526	Pfam	PF02239	Cytochrome D1 heme domain	166	507	1.7E-49	T	26-03-2017
Q6RH60	9e4bc18595d9f325875a63a8c3c03dda	593	Pfam	PF00205	Thiamine pyrophosphate enzyme, central domain	187	323	3.8E-32	T	26-03-2017	IPR012000	Thiamine pyrophosphate enzyme, central domain	
Q6RH60	9e4bc18595d9f325875a63a8c3c03dda	593	Pfam	PF02775	Thiamine pyrophosphate enzyme, C-terminal TPP binding domain	404	557	1.0E-28	T	26-03-2017	IPR011766	Thiamine pyrophosphate enzyme, C-terminal TPP-binding	
Q6RH60	9e4bc18595d9f325875a63a8c3c03dda	593	Pfam	PF02776	Thiamine pyrophosphate enzyme, N-terminal TPP binding domain	3	169	2.5E-40	T	26-03-2017	IPR012001	Thiamine pyrophosphate enzyme, N-terminal TPP-binding domain	
P0AAJ3	75cef5c27f840a1ec1b9d27616b76458	294	Pfam	PF09163	Formate dehydrogenase N, transmembrane	246	289	4.3E-20	T	26-03-2017	IPR015246	Formate dehydrogenase, transmembrane	
P0AAJ3	75cef5c27f840a1ec1b9d27616b76458	294	Pfam	PF12800	4Fe-4S binding domain	38	50	0.11	T	26-03-2017	IPR017896	4Fe-4S ferredoxin-type, iron-sulphur binding domain	
P0AAJ3	75cef5c27f840a1ec1b9d27616b76458	294	Pfam	PF13247	4Fe-4S dicluster domain	92	188	1.3E-25	T	26-03-2017	IPR017896	4Fe-4S ferredoxin-type, iron-sulphur binding domain	
P19318	1c769a058f6972b9bc5b3f810a3ca296	514	Pfam	PF14711	Respiratory nitrate reductase beta C-terminal	358	436	9.1E-30	T	26-03-2017	IPR029263	Respiratory nitrate reductase beta, C-terminal	KEGG: 00910+1.7.99.4
P19318	1c769a058f6972b9bc5b3f810a3ca296	514	Pfam	PF13247	4Fe-4S dicluster domain	175	271	2.2E-36	T	26-03-2017	IPR017896	4Fe-4S ferredoxin-type, iron-sulphur binding domain	
P16269	2af8422a7889fc3bb68c1cbcba5a0305	275	Pfam	PF00142	4Fe-4S iron sulfur cluster binding proteins, NifH/frxC family	3	273	2.0E-132	T	26-03-2017
P11350	33cbdb10e3ac7dca7844d1fc5907a9dd	225	Pfam	PF02665	Nitrate reductase gamma subunit	5	224	8.8E-80	T	26-03-2017	IPR023234	NarG-like domain	
Q50926	5934e3309d8a0223ddfcc4e9930b8f29	233	Pfam	PF03264	NapC/NirT cytochrome c family, N-terminal region	6	171	2.1E-48	T	26-03-2017	IPR005126	NapC/NirT cytochrome c, N-terminal	
P31979	8e3a7a12de0eea1970dd81e9f4ab2ff7	445	Pfam	PF10531	SLBB domain	253	295	1.5E-6	T	26-03-2017	IPR019554	Soluble ligand binding domain	Reactome: R-HSA-611105|Reactome: R-HSA-6799198
P31979	8e3a7a12de0eea1970dd81e9f4ab2ff7	445	Pfam	PF01512	Respiratory-chain NADH dehydrogenase 51 Kd subunit	54	226	1.3E-49	T	26-03-2017	IPR011538	NADH-ubiquinone oxidoreductase 51 kDa subunit, FMN-binding domain	Reactome: R-HSA-611105|Reactome: R-HSA-6799198
P31979	8e3a7a12de0eea1970dd81e9f4ab2ff7	445	Pfam	PF10589	NADH-ubiquinone oxidoreductase-F iron-sulfur binding region	339	421	2.3E-26	T	26-03-2017	IPR019575	NADH-ubiquinone oxidoreductase 51 kDa subunit, iron-sulphur binding domain	Reactome: R-HSA-611105|Reactome: R-HSA-6799198
P33178	7cd5157b73030537a3e1686732aa168e	294	Pfam	PF00142	4Fe-4S iron sulfur cluster binding proteins, NifH/frxC family	7	276	1.4E-139	T	26-03-2017
Q4ZH57	a17378704c2e1d05a101dff2271e707e	693	Pfam	PF00120	Glutamine synthetase, catalytic domain	186	355	3.9E-21	T	26-03-2017	IPR008146	Glutamine synthetase, catalytic domain	KEGG: 00220+6.3.1.2|KEGG: 00250+6.3.1.2|KEGG: 00630+6.3.1.2|KEGG: 00910+6.3.1.2|MetaCyc: PWY-381|MetaCyc: PWY-5675|MetaCyc: PWY-6549|MetaCyc: PWY-6963|MetaCyc: PWY-6964
Q4ZH57	a17378704c2e1d05a101dff2271e707e	693	Pfam	PF12437	Glutamine synthetase type III N terminal	5	163	1.3E-79	T	26-03-2017	IPR022147	Glutamine synthetase type III N-terminal	KEGG: 00220+6.3.1.2|KEGG: 00250+6.3.1.2|KEGG: 00630+6.3.1.2|KEGG: 00910+6.3.1.2|MetaCyc: PWY-381|MetaCyc: PWY-5675|MetaCyc: PWY-6549|MetaCyc: PWY-6963|MetaCyc: PWY-6964
Q5E3J7	385d5fe57199aca1bc30eb35bdcbcfe0	157	Pfam	PF03892	Nitrate reductase cytochrome c-type subunit (NapB)	38	151	1.0E-49	T	26-03-2017	IPR005591	Nitrate reductase cytochrome c-type subunit NapB	
P00369	65934a6e8478484c7fa689b77bc97f91	454	Pfam	PF00208	Glutamate/Leucine/Phenylalanine/Valine dehydrogenase	188	448	6.1E-82	T	26-03-2017	IPR006096	Glutamate/phenylalanine/leucine/valine dehydrogenase, C-terminal	Reactome: R-HSA-70614
P00369	65934a6e8478484c7fa689b77bc97f91	454	Pfam	PF02812	Glu/Leu/Phe/Val dehydrogenase, dimerisation domain	43	170	2.4E-50	T	26-03-2017	IPR006097	Glutamate/phenylalanine/leucine/valine dehydrogenase, dimerisation domain	Reactome: R-HSA-70614
P0AFC3	3196ce19e8d8d88083060387212e6a7a	147	Pfam	PF00507	NADH-ubiquinone/plastoquinone oxidoreductase, chain 3	28	125	5.5E-31	T	26-03-2017	IPR000440	NADH:ubiquinone/plastoquinone oxidoreductase, chain 3	Reactome: R-HSA-611105|Reactome: R-HSA-6799198
O30375	74587742f9165842e38ed9a78c035dd0	762	Pfam	PF00115	Cytochrome C and Quinol oxidase polypeptide I	282	726	6.6E-72	T	26-03-2017	IPR000883	Cytochrome c oxidase subunit I	KEGG: 00190+1.9.3.1|MetaCyc: PWY-3781|MetaCyc: PWY-4521|MetaCyc: PWY-6692|MetaCyc: PWY-7279|Reactome: R-HSA-5628897|Reactome: R-HSA-611105
P07329	ddb57c3772932d7ae28afa59dad0b379	523	Pfam	PF11844	Domain of unknown function (DUF3364)	1	56	3.9E-21	T	26-03-2017	IPR024564	Nitrogenase molybdenum-iron protein beta chain, N-terminal	KEGG: 00625+1.18.6.1|KEGG: 00910+1.18.6.1
P07329	ddb57c3772932d7ae28afa59dad0b379	523	Pfam	PF00148	Nitrogenase component 1 type Oxidoreductase	70	501	1.7E-121	T	26-03-2017	IPR000510	Nitrogenase/oxidoreductase, component 1	
Q1Q0T4	d8c2fe0542b6358bcf19c361852c238d	386	Pfam	PF02239	Cytochrome D1 heme domain	65	257	4.2E-7	T	26-03-2017
I3IR93	8674d16fea1dacfe257ebc1f05360e88	337	Pfam	PF07732	Multicopper oxidase	94	182	6.4E-10	T	26-03-2017	IPR011707	Multicopper oxidase, type 3	
Q82WJ0	fa528fd3ec8ee177398139e8016362da	174	Pfam	PF00116	Cytochrome C oxidase subunit II, periplasmic domain	101	167	1.8E-6	T	26-03-2017	IPR002429	Cytochrome c oxidase subunit II C-terminal	Reactome: R-HSA-5628897|Reactome: R-HSA-611105
Q82TA3	988bfaba4f4a93c994f09cacf79d4123	448	Pfam	PF00115	Cytochrome C and Quinol oxidase polypeptide I	8	416	6.5E-81	T	26-03-2017	IPR000883	Cytochrome c oxidase subunit I	KEGG: 00190+1.9.3.1|MetaCyc: PWY-3781|MetaCyc: PWY-4521|MetaCyc: PWY-6692|MetaCyc: PWY-7279|Reactome: R-HSA-5628897|Reactome: R-HSA-611105
P00393	d24034b9ace40a5fd0c0a6d3c8ec0e21	434	Pfam	PF07992	Pyridine nucleotide-disulphide oxidoreductase	6	338	1.2E-72	T	26-03-2017	IPR023753	FAD/NAD(P)-binding domain	
A0P9I2	809d7ad58656e0d175b820c8389b096f	568	Pfam	PF13447	Seven times multi-haem cytochrome CxxCH	121	384	5.7E-33	T	26-03-2017
P0A9M8	278f5526d165d87c69bbf3981199b3ac	714	Pfam	PF13500	AAA domain	5	230	1.8E-47	T	26-03-2017
P0A9M8	278f5526d165d87c69bbf3981199b3ac	714	Pfam	PF01515	Phosphate acetyl/butaryl transferase	392	707	3.7E-129	T	26-03-2017	IPR002505	Phosphate acetyl/butaryl transferase	KEGG: 00430+2.3.1.8|KEGG: 00620+2.3.1.8|KEGG: 00640+2.3.1.8|KEGG: 00680+2.3.1.8|KEGG: 00720+2.3.1.8|MetaCyc: PWY-1281|MetaCyc: PWY-5482|MetaCyc: PWY-5485|MetaCyc: PWY-5497|MetaCyc: PWY-6637
P0A9M8	278f5526d165d87c69bbf3981199b3ac	714	Pfam	PF07085	DRTGG domain	234	345	1.6E-29	T	26-03-2017	IPR010766	DRTGG	KEGG: 00430+2.3.1.8|KEGG: 00620+2.3.1.8|KEGG: 00640+2.3.1.8|KEGG: 00680+2.3.1.8|KEGG: 00720+2.3.1.8|MetaCyc: PWY-1281|MetaCyc: PWY-5482|MetaCyc: PWY-5485|MetaCyc: PWY-5497|MetaCyc: PWY-6637
A4VHZ2	bc202e4c245fab540f5842927721788f	1252	Pfam	PF14710	Respiratory nitrate reductase alpha N-terminal	3	40	2.7E-16	T	26-03-2017	IPR028189	Nitrate reductase, alpha subunit, N-terminal	KEGG: 00910+1.7.99.4
A4VHZ2	bc202e4c245fab540f5842927721788f	1252	Pfam	PF00384	Molybdopterin oxidoreductase	108	834	3.6E-169	T	26-03-2017	IPR006656	Molybdopterin oxidoreductase	Reactome: R-HSA-611105|Reactome: R-HSA-6799198
A4VHZ2	bc202e4c245fab540f5842927721788f	1252	Pfam	PF01568	Molydopterin dinucleotide binding domain	1090	1204	2.3E-21	T	26-03-2017	IPR006657	Molybdopterin dinucleotide-binding domain	
P0AAJ5	e5a904638cb9b4a8bcc407cc8b46856c	300	Pfam	PF09163	Formate dehydrogenase N, transmembrane	246	288	3.6E-21	T	26-03-2017	IPR015246	Formate dehydrogenase, transmembrane	
P0AAJ5	e5a904638cb9b4a8bcc407cc8b46856c	300	Pfam	PF13247	4Fe-4S dicluster domain	92	188	1.0E-24	T	26-03-2017	IPR017896	4Fe-4S ferredoxin-type, iron-sulphur binding domain	
P97047	e42870ac46de3c828447c8984010a8fd	260	Pfam	PF04896	Ammonia monooxygenase/methane monooxygenase, subunit C	8	241	8.3E-121	T	26-03-2017	IPR006980	Ammonia monooxygenase/particulate methane monooxygenase, subunit C	
Q1Q4F5	5b5c6c077134911069b9a648ef1a7392	621	Pfam	PF02239	Cytochrome D1 heme domain	229	616	7.1E-132	T	26-03-2017
Q1Q4F5	5b5c6c077134911069b9a648ef1a7392	621	Pfam	PF13442	Cytochrome C oxidase, cbb3-type, subunit III	124	192	4.5E-9	T	26-03-2017	IPR009056	Cytochrome c-like domain	Reactome: R-HSA-611105
Q5E4J7	b2d2de33e57ee9ff7737983445404e01	478	Pfam	PF02335	Cytochrome c552	40	469	3.4E-180	T	26-03-2017	IPR003321	Cytochrome c552	KEGG: 00910+1.7.2.2|MetaCyc: PWY-5674
Q04507	213dbabcf9a35dceac594840275e5fbe	276	Pfam	PF02461	Ammonia monooxygenase	14	247	9.8E-107	T	26-03-2017	IPR003393	Ammonia monooxygenase/particulate methane monooxygenase, subunit A	
Q6RH62	94dabeb6ab3b358c52563e878a65c9e3	139	Pfam	PF12680	SnoaL-like domain	11	117	7.5E-23	T	26-03-2017	IPR009959	Polyketide cyclase SnoaL-like domain	
Q57142	273deec35174065a4ebec4ee3ed9e467	235	Pfam	PF13435	Cytochrome c554 and c-prime	34	117	3.7E-28	T	26-03-2017	IPR023155	Cytochrome c-552/4	KEGG: 00910+1.7.2.2|MetaCyc: PWY-5674
Q9APM5	189db7a003b195c1899c9488df284fed	456	Pfam	PF00202	Aminotransferase class-III	27	446	2.8E-99	T	26-03-2017	IPR005814	Aminotransferase class-III	
P0AEL0	ed29993cf859e7bc56aba9437df4de6f	211	Pfam	PF01292	Prokaryotic cytochrome b561	9	184	3.3E-22	T	26-03-2017	IPR011577	Cytochrome b561, bacterial/Ni-hydrogenase	
A0FK10	79295a2f432cadc6a2c5227aedfbd8b3	166	Pfam	PF07732	Multicopper oxidase	1	91	6.8E-12	T	26-03-2017	IPR011707	Multicopper oxidase, type 3	
P32288	ba8a5f574e7f3bc0ab723a9f1fe852bb	370	Pfam	PF03951	Glutamine synthetase, beta-Grasp domain	26	100	9.3E-13	T	26-03-2017	IPR008147	Glutamine synthetase, beta-Grasp domain	KEGG: 00220+6.3.1.2|KEGG: 00250+6.3.1.2|KEGG: 00630+6.3.1.2|KEGG: 00910+6.3.1.2|MetaCyc: PWY-381|MetaCyc: PWY-5675|MetaCyc: PWY-6549|MetaCyc: PWY-6963|MetaCyc: PWY-6964
P32288	ba8a5f574e7f3bc0ab723a9f1fe852bb	370	Pfam	PF00120	Glutamine synthetase, catalytic domain	120	256	4.2E-16	T	26-03-2017	IPR008146	Glutamine synthetase, catalytic domain	KEGG: 00220+6.3.1.2|KEGG: 00250+6.3.1.2|KEGG: 00630+6.3.1.2|KEGG: 00910+6.3.1.2|MetaCyc: PWY-381|MetaCyc: PWY-5675|MetaCyc: PWY-6549|MetaCyc: PWY-6963|MetaCyc: PWY-6964
Q82TA4	2b9466bedc2e924418a41fb84dbbd1c3	150	Pfam	PF00034	Cytochrome c	51	134	3.3E-8	T	26-03-2017	IPR009056	Cytochrome c-like domain	Reactome: R-HSA-611105
Q82T63	df33905a82dd3c60a69f89f3edbb84ad	271	Pfam	PF04896	Ammonia monooxygenase/methane monooxygenase, subunit C	12	254	1.8E-113	T	26-03-2017	IPR006980	Ammonia monooxygenase/particulate methane monooxygenase, subunit C	
P11347	62e0b86730f00de83eaa8c1a1256a1d6	458	Pfam	PF00148	Nitrogenase component 1 type Oxidoreductase	23	441	4.0E-129	T	26-03-2017	IPR000510	Nitrogenase/oxidoreductase, component 1	
P24040	97f211d51e3a900bef7a4da52073dcfc	560	Pfam	PF02239	Cytochrome D1 heme domain	157	555	1.3E-158	T	26-03-2017
P24040	97f211d51e3a900bef7a4da52073dcfc	560	Pfam	PF13442	Cytochrome C oxidase, cbb3-type, subunit III	37	120	5.6E-9	T	26-03-2017	IPR009056	Cytochrome c-like domain	Reactome: R-HSA-611105
Q52527	948bed1b4412c1bddbecf230d17c767a	146	Pfam	PF00034	Cytochrome c	50	131	5.2E-12	T	26-03-2017	IPR009056	Cytochrome c-like domain	Reactome: R-HSA-611105
P00456	4a2859e815e7fdadffc86110461edb6c	273	Pfam	PF00142	4Fe-4S iron sulfur cluster binding proteins, NifH/frxC family	2	271	2.1E-135	T	26-03-2017
P16267	f9aad50b95af13c12519f23bc5dc53c6	462	Pfam	PF00148	Nitrogenase component 1 type Oxidoreductase	20	445	2.0E-118	T	26-03-2017	IPR000510	Nitrogenase/oxidoreductase, component 1	
G1UBD5	4b1aca3f23b8b8c8f54993915e553697	158	Pfam	PF16694	Cytochrome P460	28	154	1.1E-31	T	26-03-2017	IPR032033	Cytochrome P460	
P13035	2fb29250ca463e57e91ca70040b47bb5	501	Pfam	PF16901	C-terminal domain of alpha-glycerophosphate oxidase	381	497	2.3E-12	T	26-03-2017	IPR031656	Alpha-glycerophosphate oxidase, C-terminal	KEGG: 00564+1.1.5.3|MetaCyc: PWY-4261|MetaCyc: PWY-6118|MetaCyc: PWY-6952|Reactome: R-HSA-535734
P13035	2fb29250ca463e57e91ca70040b47bb5	501	Pfam	PF01266	FAD dependent oxidoreductase	5	323	4.9E-46	T	26-03-2017	IPR006076	FAD dependent oxidoreductase	
A4VHZ3	4de64c2b6db385cab37ef667656c330b	512	Pfam	PF14711	Respiratory nitrate reductase beta C-terminal	358	435	5.6E-31	T	26-03-2017	IPR029263	Respiratory nitrate reductase beta, C-terminal	KEGG: 00910+1.7.99.4
A4VHZ3	4de64c2b6db385cab37ef667656c330b	512	Pfam	PF13247	4Fe-4S dicluster domain	175	271	4.2E-37	T	26-03-2017	IPR017896	4Fe-4S ferredoxin-type, iron-sulphur binding domain	
P0AFD1	f71f2fb7813aea0d11f312f70d3c5464	166	Pfam	PF01257	Thioredoxin-like [2Fe-2S] ferredoxin	23	166	3.8E-51	T	26-03-2017
P0ABL5	e7e732f195c2b45b50d9be60c9a66db8	200	Pfam	PF03264	NapC/NirT cytochrome c family, N-terminal region	22	193	1.7E-78	T	26-03-2017	IPR005126	NapC/NirT cytochrome c, N-terminal	
P0AEK7	0ef5fe073a18ffe29165fe9bf865a23a	217	Pfam	PF01292	Prokaryotic cytochrome b561	13	186	2.5E-18	T	26-03-2017	IPR011577	Cytochrome b561, bacterial/Ni-hydrogenase	
O50210	d61896cc3346b346b0fac7442de0eeff	473	Pfam	PF03951	Glutamine synthetase, beta-Grasp domain	17	97	2.2E-29	T	26-03-2017	IPR008147	Glutamine synthetase, beta-Grasp domain	KEGG: 00220+6.3.1.2|KEGG: 00250+6.3.1.2|KEGG: 00630+6.3.1.2|KEGG: 00910+6.3.1.2|MetaCyc: PWY-381|MetaCyc: PWY-5675|MetaCyc: PWY-6549|MetaCyc: PWY-6963|MetaCyc: PWY-6964
O50210	d61896cc3346b346b0fac7442de0eeff	473	Pfam	PF00120	Glutamine synthetase, catalytic domain	104	470	2.0E-133	T	26-03-2017	IPR008146	Glutamine synthetase, catalytic domain	KEGG: 00220+6.3.1.2|KEGG: 00250+6.3.1.2|KEGG: 00630+6.3.1.2|KEGG: 00910+6.3.1.2|MetaCyc: PWY-381|MetaCyc: PWY-5675|MetaCyc: PWY-6549|MetaCyc: PWY-6963|MetaCyc: PWY-6964
P98008	8e9c1421da5ed368066eb16deae0076d	474	Pfam	PF00115	Cytochrome C and Quinol oxidase polypeptide I	15	445	2.5E-79	T	26-03-2017	IPR000883	Cytochrome c oxidase subunit I	KEGG: 00190+1.9.3.1|MetaCyc: PWY-3781|MetaCyc: PWY-4521|MetaCyc: PWY-6692|MetaCyc: PWY-7279|Reactome: R-HSA-5628897|Reactome: R-HSA-611105
Q04508	1c11adec23e42d31b046ab75a8bbbed8	420	Pfam	PF04744	Monooxygenase subunit B protein	39	417	4.7E-165	T	26-03-2017	IPR006833	Ammonia monooxygenase/particulate methane monooxygenase, subunit B	
P37610	f26d5d282df7f8f52826e8a91d695d9a	283	Pfam	PF02668	Taurine catabolism dioxygenase TauD, TfdA family	7	272	5.2E-67	T	26-03-2017	IPR003819	TauD/TfdA-like domain	Reactome: R-HSA-71262
Q5E3J6	c2867283e308d49af40218f3db32193a	829	Pfam	PF04879	Molybdopterin oxidoreductase Fe4S4 domain	42	94	8.8E-17	T	26-03-2017	IPR006963	Molybdopterin oxidoreductase, 4Fe-4S domain	Reactome: R-HSA-611105|Reactome: R-HSA-6799198
Q5E3J6	c2867283e308d49af40218f3db32193a	829	Pfam	PF00384	Molybdopterin oxidoreductase	98	570	1.6E-94	T	26-03-2017	IPR006656	Molybdopterin oxidoreductase	Reactome: R-HSA-611105|Reactome: R-HSA-6799198
Q5E3J6	c2867283e308d49af40218f3db32193a	829	Pfam	PF01568	Molydopterin dinucleotide binding domain	714	822	1.9E-26	T	26-03-2017	IPR006657	Molybdopterin dinucleotide-binding domain	
P0AFE4	26e88bb20aa45666ba298fd045b8a027	100	Pfam	PF00420	NADH-ubiquinone/plastoquinone oxidoreductase chain 4L	8	95	7.9E-21	T	26-03-2017	IPR001133	NADH-ubiquinone oxidoreductase chain 4L/K	
P33934	c0e1253dde259199d4f90ddcf37db47d	287	Pfam	PF13237	4Fe-4S dicluster domain	221	270	6.1E-7	T	26-03-2017	IPR017896	4Fe-4S ferredoxin-type, iron-sulphur binding domain	
P33934	c0e1253dde259199d4f90ddcf37db47d	287	Pfam	PF12801	4Fe-4S binding domain	83	126	1.9E-12	T	26-03-2017	IPR017896	4Fe-4S ferredoxin-type, iron-sulphur binding domain	
P33934	c0e1253dde259199d4f90ddcf37db47d	287	Pfam	PF12801	4Fe-4S binding domain	179	211	3.2E-4	T	26-03-2017	IPR017896	4Fe-4S ferredoxin-type, iron-sulphur binding domain	
P77218	6dcf769c6e2ffab65759c3d1287bb666	338	Pfam	PF01515	Phosphate acetyl/butaryl transferase	1	320	1.6E-123	T	26-03-2017	IPR002505	Phosphate acetyl/butaryl transferase	KEGG: 00430+2.3.1.8|KEGG: 00620+2.3.1.8|KEGG: 00640+2.3.1.8|KEGG: 00680+2.3.1.8|KEGG: 00720+2.3.1.8|MetaCyc: PWY-1281|MetaCyc: PWY-5482|MetaCyc: PWY-5485|MetaCyc: PWY-5497|MetaCyc: PWY-6637
P0AFE8	5472dc539785dfa1047e5dc5e1ab8e7e	509	Pfam	PF00361	Proton-conducting membrane transporter	134	430	4.8E-70	T	26-03-2017	IPR001750	NADH:quinone oxidoreductase/Mrp antiporter, membrane subunit	Reactome: R-HSA-611105|Reactome: R-HSA-6799198
P13033	a4f456db1f3984264180d0e626155bd5	419	Pfam	PF00890	FAD binding domain	4	399	5.9E-61	T	26-03-2017	IPR003953	FAD-dependent oxidoreductase 2, FAD binding domain	Reactome: R-HSA-611105|Reactome: R-HSA-71403
P0AFE0	dadb23aca088493e208ad39c45dda147	184	Pfam	PF00499	NADH-ubiquinone/plastoquinone oxidoreductase chain 6	17	157	3.1E-33	T	26-03-2017	IPR001457	NADH:ubiquinone/plastoquinone oxidoreductase, chain 6	Reactome: R-HSA-611105|Reactome: R-HSA-6799198
P39197	86add9b9ff3b1510bc83169d2ed1cf3c	318	Pfam	PF01515	Phosphate acetyl/butaryl transferase	5	314	5.9E-117	T	26-03-2017	IPR002505	Phosphate acetyl/butaryl transferase	KEGG: 00430+2.3.1.8|KEGG: 00620+2.3.1.8|KEGG: 00640+2.3.1.8|KEGG: 00680+2.3.1.8|KEGG: 00720+2.3.1.8|MetaCyc: PWY-1281|MetaCyc: PWY-5482|MetaCyc: PWY-5485|MetaCyc: PWY-5497|MetaCyc: PWY-6637
P0AFC7	f9cf5ef975a24d6cd284ebce2bd80383	220	Pfam	PF01058	NADH ubiquinone oxidoreductase, 20 Kd subunit	64	170	3.4E-22	T	26-03-2017	IPR006137	NADH:ubiquinone oxidoreductase-like, 20kDa subunit	Reactome: R-HSA-611105|Reactome: R-HSA-6799198
Q57302	6fdfdb0e07941cfeb753d9cdf93ad99e	463	Pfam	PF00148	Nitrogenase component 1 type Oxidoreductase	20	446	4.5E-122	T	26-03-2017	IPR000510	Nitrogenase/oxidoreductase, component 1	
Q31KU3	4af942f6d368d5558582df9399ac8e43	434	Pfam	PF00120	Glutamine synthetase, catalytic domain	97	429	1.5E-103	T	26-03-2017	IPR008146	Glutamine synthetase, catalytic domain	KEGG: 00220+6.3.1.2|KEGG: 00250+6.3.1.2|KEGG: 00630+6.3.1.2|KEGG: 00910+6.3.1.2|MetaCyc: PWY-381|MetaCyc: PWY-5675|MetaCyc: PWY-6549|MetaCyc: PWY-6963|MetaCyc: PWY-6964
